,Model.farm_code,Model.farm_name,Model.examin_datetm,Model.avg_prbrd,Model.avg_lgdiamtr,Model.avg_frut_wt,Model.avg_flsh_wgh,Model.avg_flsh_rate,Model.avg_frsk_one,Model.avg_brx,Model.avg_prcn,Model.avg_brx_prcn_rate,과일
0,01,용흥,2016-08-01,37.5,33.8,24.8,16.6,66.7,2.6,8.5,3.6,2.4,감귤
1,01,용흥,2016-08-16,41.3,36.7,33.2,24.2,72.9,2.4,9.2,3.2,2.9,감귤
2,01,용흥,2016-09-01,46.5,40.2,46.2,35.9,77.6,2.3,8.9,2.4,3.9,감귤
3,01,용흥,2016-09-20,53.1,44.4,68.2,56.2,82.2,1.8,8.7,1.5,5.7,감귤
4,01,용흥,2016-10-04,55.9,45.4,77.8,65.3,83.9,1.7,8.9,0.9,9.5,감귤
5,01,용흥,2016-10-17,59.0,45.7,90.8,76.5,84.2,1.8,9.5,0.8,12.5,감귤
6,01,용흥,2016-11-03,62.6,54.5,109.1,90.2,82.7,2.2,9.6,0.7,13.4,감귤
7,01,용흥,2016-11-14,65.2,54.8,121.4,97.7,80.6,2.5,10.3,0.7,15.7,감귤
8,02,성산,2016-08-01,39.4,34.5,27.4,18.2,66.6,2.7,6.5,3.5,1.9,감귤
9,02,성산,2016-08-16,40.8,35.3,31.1,22.9,73.4,2.1,8.2,3.0,2.8,감귤
10,02,성산,2016-09-01,45.0,37.6,39.5,30.3,76.7,2.4,8.4,2.3,3.7,감귤
11,02,성산,2016-09-20,51.8,42.7,63.9,51.6,80.8,1.9,8.4,1.4,5.9,감귤
12,02,성산,2016-10-04,54.2,43.7,69.6,58.7,84.4,1.6,8.3,1.0,8.0,감귤
13,02,성산,2016-10-17,58.6,45.8,84.2,70.8,83.9,1.9,8.5,0.9,9.6,감귤
14,02,성산,2016-11-03,60.1,46.2,85.6,70.8,82.6,2.2,9.2,0.8,11.4,감귤
15,02,성산,2016-11-14,60.0,47.7,93.8,77.2,82.1,2.3,9.5,0.7,13.2,감귤
16,04,토산,2016-08-01,40.5,36.8,29.9,19.1,63.9,3.1,6.8,3.6,1.9,감귤
17,04,토산,2016-08-16,45.7,40.4,44.2,30.3,69.2,2.8,7.0,2.9,2.4,감귤
18,04,토산,2016-09-01,49.8,42.9,54.6,42.7,78.1,2.4,7.4,2.2,3.4,감귤
19,04,토산,2016-09-20,55.7,46.1,75.9,62.6,82.5,2.1,7.7,1.5,5.2,감귤
20,04,토산,2016-10-04,57.9,47.2,84.5,71.6,84.6,1.8,7.5,1.0,7.9,감귤
21,04,토산,2016-10-17,60.9,46.5,91.8,77.3,84.2,1.9,8.3,0.9,9.3,감귤
22,04,토산,2016-11-03,61.9,48.8,100.1,83.7,83.6,2.0,8.6,0.7,11.9,감귤
23,04,토산,2016-11-14,66.1,51.3,118.7,97.2,81.8,2.5,8.9,0.7,13.6,감귤
24,06,아라,2016-08-01,37.7,35.2,25.7,16.5,64.1,3.0,8.6,4.2,2.1,감귤
25,06,아라,2016-08-16,42.0,38.2,35.4,25.9,73.3,2.4,8.7,3.6,2.5,감귤
26,06,아라,2016-09-01,46.2,40.8,45.3,34.8,76.8,2.5,9.5,2.9,3.3,감귤
27,06,아라,2016-09-20,54.4,46.3,72.0,58.4,81.1,2.1,9.0,1.7,5.3,감귤
28,06,아라,2016-10-04,58.3,46.5,85.0,70.2,82.7,1.8,9.3,1.1,8.5,감귤
29,06,아라,2016-10-17,61.1,47.9,91.1,74.4,81.4,2.1,9.6,0.9,10.7,감귤
30,06,아라,2016-11-03,60.1,48.4,92.3,74.7,80.9,2.5,10.2,0.8,13.6,감귤
31,06,아라,2016-11-14,62.2,49.3,100.3,80.4,80.1,2.5,10.5,0.7,16.0,감귤
32,07,무릉,2016-08-01,36.8,33.7,23.2,14.4,62.1,3.1,7.3,4.1,1.8,감귤
33,07,무릉,2016-08-16,42.4,37.6,33.8,24.5,72.4,2.7,7.5,3.5,2.2,감귤
34,07,무릉,2016-09-01,45.6,40.6,44.1,33.1,75.1,2.5,8.4,3.1,2.7,감귤
35,07,무릉,2016-09-20,51.7,43.0,60.3,48.7,80.7,2.2,8.5,1.9,4.5,감귤
36,07,무릉,2016-10-04,55.5,45.4,74.2,61.1,82.4,1.7,9.0,1.4,6.6,감귤
37,07,무릉,2016-10-17,57.6,43.7,81.0,67.0,82.6,1.9,9.6,1.2,8.3,감귤
38,07,무릉,2016-11-03,59.0,47.4,88.8,71.8,80.8,2.2,10.0,0.9,10.8,감귤
39,07,무릉,2016-11-14,59.2,47.3,90.0,72.2,80.1,2.5,10.7,0.9,12.7,감귤
40,09,하원,2016-08-01,38.8,34.7,27.5,19.2,69.5,2.6,7.9,3.5,2.2,감귤
41,09,하원,2016-08-16,43.7,38.5,38.3,28.5,74.4,2.4,8.1,2.7,3.0,감귤
42,09,하원,2016-09-01,43.9,37.7,39.7,30.9,77.7,2.2,9.0,2.4,3.7,감귤
43,09,하원,2016-09-20,50.8,42.9,60.3,49.2,81.4,2.0,8.8,1.4,6.3,감귤
44,09,하원,2016-10-04,55.5,45.1,75.3,62.4,82.9,1.7,8.8,1.1,8.0,감귤
45,09,하원,2016-10-17,56.2,43.8,80.9,67.5,83.4,1.9,9.4,0.9,10.5,감귤
46,09,하원,2016-11-03,58.5,47.5,88.8,72.6,81.5,2.0,9.7,0.8,11.5,감귤
47,09,하원,2016-11-14,58.6,46.4,89.1,71.8,80.6,2.4,10.3,0.7,14.2,감귤
48,12,덕천,2016-08-01,36.7,33.8,23.1,15.0,64.9,2.9,7.1,4.1,1.7,감귤
49,12,덕천,2016-08-16,40.0,35.3,29.8,22.3,74.9,2.0,7.7,3.3,2.3,감귤
50,12,덕천,2016-09-01,44.5,39.6,40.2,31.5,78.2,2.3,7.8,2.7,2.9,감귤
51,12,덕천,2016-09-20,50.2,42.9,58.7,48.4,82.5,1.8,8.0,1.8,4.6,감귤
52,12,덕천,2016-10-04,56.2,45.9,77.2,64.5,83.6,1.6,7.9,1.3,6.1,감귤
53,12,덕천,2016-10-17,57.4,45.6,78.2,65.3,83.5,1.7,8.1,1.1,7.5,감귤
54,12,덕천,2016-11-03,58.1,47.6,86.5,70.6,81.7,2.0,8.9,1.0,8.8,감귤
55,12,덕천,2016-11-14,60.1,47.8,92.1,74.7,81.1,2.4,9.1,0.8,11.4,감귤
56,14,신촌,2016-08-01,41.1,37.3,31.3,21.0,67.2,3.2,6.9,3.5,2.0,감귤
57,14,신촌,2016-08-16,44.7,40.4,41.0,30.3,73.9,2.4,7.2,2.9,2.5,감귤
58,14,신촌,2016-09-01,48.6,42.2,51.3,40.8,79.5,2.2,7.4,2.4,3.1,감귤
59,14,신촌,2016-09-20,55.9,47.6,79.6,65.4,82.3,2.1,7.6,1.7,4.5,감귤
60,14,신촌,2016-10-04,58.4,48.2,89.2,75.0,84.1,1.7,7.5,1.1,6.8,감귤
61,14,신촌,2016-10-17,61.1,48.3,94.6,79.4,84.0,1.9,7.9,1.0,8.0,감귤
62,14,신촌,2016-11-03,61.6,49.5,103.0,85.8,83.5,2.1,8.3,0.8,10.2,감귤
63,14,신촌,2016-11-14,64.4,50.0,117.0,96.0,81.8,2.5,9.2,1.0,9.6,감귤
64,16,금악,2016-08-01,38.1,34.9,25.8,17.3,67.1,3.1,7.3,4.2,1.8,감귤
65,16,금악,2016-08-16,42.7,38.9,35.6,25.5,71.7,2.7,7.3,3.1,2.4,감귤
66,16,금악,2016-09-01,45.9,40.9,45.2,34.6,76.5,2.4,7.8,2.6,3.0,감귤
67,16,금악,2016-09-20,52.1,44.5,63.9,52.0,81.5,2.0,8.3,1.5,5.8,감귤
68,16,금악,2016-10-04,55.5,46.2,74.1,60.6,82.0,1.8,8.9,1.0,8.7,감귤
69,16,금악,2016-10-17,58.4,45.4,83.5,68.4,82.0,2.2,9.4,0.9,10.6,감귤
70,16,금악,2016-11-03,61.0,49.1,94.7,76.2,80.5,2.4,10.1,0.8,13.1,감귤
71,16,금악,2016-11-14,60.8,49.3,97.3,76.2,78.3,2.7,10.4,0.7,14.5,감귤
72,26,하례,2016-08-01,39.9,36.2,28.6,17.7,61.8,3.9,6.4,3.8,1.7,감귤
73,26,하례,2016-08-16,44.8,39.9,40.2,28.2,70.0,3.0,6.9,3.2,2.2,감귤
74,26,하례,2016-09-01,48.4,42.4,51.2,38.8,75.9,2.6,7.2,2.8,2.6,감귤
75,26,하례,2016-09-20,57.9,49.0,86.6,70.1,81.1,2.2,7.4,1.9,4.1,감귤
76,26,하례,2016-10-04,58.0,46.5,86.1,70.6,82.0,2.0,7.6,1.4,5.8,감귤
77,26,하례,2016-10-17,63.7,49.5,104.5,85.8,82.2,2.2,7.7,1.0,7.9,감귤
78,26,하례,2016-11-03,64.9,51.3,112.2,91.3,81.3,2.3,8.2,0.8,9.8,감귤
79,26,하례,2016-11-14,66.1,53.2,122.5,98.0,80.1,2.8,8.9,0.8,11.8,감귤
80,29,창천,2016-08-01,40.3,36.2,30.2,20.6,68.2,2.8,7.1,4.0,1.8,감귤
81,29,창천,2016-08-16,45.2,40.4,42.3,31.1,73.5,2.6,7.0,3.1,2.2,감귤
82,29,창천,2016-09-01,48.2,42.6,52.9,41.1,77.5,2.6,7.8,2.8,2.8,감귤
83,29,창천,2016-09-20,55.1,46.0,74.5,62.1,83.4,1.9,8.1,1.7,4.9,감귤
84,29,창천,2016-10-04,58.7,47.6,88.6,74.0,83.5,1.7,8.6,1.2,7.3,감귤
85,29,창천,2016-10-17,60.4,45.9,95.0,79.8,83.7,1.9,9.1,1.0,8.9,감귤
86,29,창천,2016-11-03,61.7,50.2,103.4,85.4,82.6,2.2,10.1,0.9,10.8,감귤
87,29,창천,2016-11-14,62.6,51.1,110.7,90.5,81.9,2.4,10.2,0.8,12.4,감귤
88,30,덕수,2016-08-01,39.8,37.2,29.8,20.0,67.1,2.9,7.2,3.8,1.9,감귤
89,30,덕수,2016-08-16,44.9,40.8,41.9,31.5,75.2,2.4,7.4,2.9,2.6,감귤
90,30,덕수,2016-09-01,46.2,41.2,46.8,36.4,77.8,2.3,8.2,2.5,3.2,감귤
91,30,덕수,2016-09-20,52.4,45.8,65.4,52.9,80.9,2.1,8.4,1.6,5.5,감귤
92,30,덕수,2016-10-04,56.0,46.5,77.3,64.3,83.1,1.9,8.6,1.2,7.1,감귤
93,30,덕수,2016-10-17,56.6,44.8,80.9,66.4,81.9,2.0,9.1,1.1,8.3,감귤
94,30,덕수,2016-11-03,58.3,48.9,88.1,71.1,80.6,2.3,9.5,1.0,9.3,감귤
95,30,덕수,2016-11-14,57.6,48.3,87.2,71.5,82.0,2.2,9.1,1.0,9.1,감귤
96,31,신효,2016-08-01,38.2,34.8,26.1,17.6,67.3,2.7,7.1,3.1,2.4,감귤
97,31,신효,2016-08-16,42.4,37.5,35.2,26.3,74.9,2.4,7.6,2.4,3.2,감귤
98,31,신효,2016-09-01,45.7,39.3,44.1,34.7,78.8,2.2,8.6,1.9,4.8,감귤
99,31,신효,2016-09-20,51.1,43.0,60.5,50.1,82.8,1.8,8.7,1.4,6.6,감귤
100,31,신효,2016-10-04,55.6,44.5,74.2,63.7,86.0,1.4,9.0,0.9,10.4,감귤
101,31,신효,2016-10-17,60.6,47.2,92.0,77.7,84.3,1.8,9.5,0.7,13.4,감귤
102,31,신효,2016-11-03,60.4,47.2,88.2,73.9,83.7,1.9,10.0,0.7,14.5,감귤
103,31,신효,2016-11-14,62.2,49.2,102.2,84.3,82.3,2.2,10.5,0.6,16.6,감귤
104,32,신흥,2016-08-01,37.6,34.8,24.7,15.7,63.3,3.4,6.7,3.4,2.0,감귤
105,32,신흥,2016-08-16,41.7,38.4,34.1,24.1,70.8,2.7,7.0,2.6,2.8,감귤
106,32,신흥,2016-09-01,45.6,40.3,43.9,34.2,77.7,2.4,8.1,2.2,3.8,감귤
107,32,신흥,2016-09-20,51.4,44.5,62.9,51.8,82.3,2.0,8.3,1.4,5.9,감귤
108,32,신흥,2016-10-04,58.3,47.8,86.2,73.0,84.8,1.6,8.3,1.0,8.5,감귤
109,32,신흥,2016-10-17,59.3,47.5,89.9,75.6,84.0,1.9,9.1,0.8,11.3,감귤
110,32,신흥,2016-11-03,57.7,47.7,85.7,70.9,82.7,2.1,9.8,0.7,13.2,감귤
111,32,신흥,2016-11-14,62.3,50.0,104.9,85.7,81.7,2.5,10.5,0.6,16.6,감귤
112,01,용흥,2017-08-01,38.9,35.3,27.9,18.9,67.6,3.1,9.0,3.7,2.4,감귤
113,01,용흥,2017-08-15,45.7,40.7,42.7,30.9,72.4,2.6,9.2,3.4,2.7,감귤
114,01,용흥,2017-09-01,46.3,39.3,45.4,35.4,77.9,2.1,8.7,2.7,3.3,감귤
115,01,용흥,2017-09-15,51.6,43.0,61.6,49.9,80.9,2.3,8.9,1.8,4.9,감귤
116,01,용흥,2017-10-01,55.3,44.4,78.9,65.2,82.6,1.7,9.2,1.3,7.1,감귤
117,01,용흥,2017-10-15,59.9,45.2,87.2,70.7,81.1,2.0,9.6,0.9,10.7,감귤
118,01,용흥,2017-11-01,61.7,46.4,93.1,75.8,81.4,2.2,10.1,0.8,12.1,감귤
119,01,용흥,2017-11-15,62.8,48.5,100.6,80.6,80.1,2.5,10.9,0.7,15.3,감귤
120,02,성산,2017-08-01,38.7,35.9,27.9,17.9,63.7,3.1,6.0,3.3,1.8,감귤
121,02,성산,2017-08-15,43.4,39.4,38.1,27.5,72.0,2.8,6.3,2.8,2.3,감귤
122,02,성산,2017-09-01,47.9,42.5,52.3,41.2,78.5,2.2,6.7,2.3,2.9,감귤
123,02,성산,2017-09-15,50.8,43.3,62.7,51.3,81.8,1.9,7.3,1.8,4.0,감귤
124,02,성산,2017-10-01,54.6,47.0,75.9,62.9,82.8,1.9,8.0,1.4,5.9,감귤
125,02,성산,2017-10-15,61.3,48.8,95.1,76.0,80.0,2.0,8.7,1.0,8.7,감귤
126,02,성산,2017-11-01,61.3,50.0,97.7,81.4,83.2,2.2,9.1,0.9,10.0,감귤
127,02,성산,2017-11-15,62.1,50.2,97.4,80.2,82.3,2.4,9.7,0.8,12.2,감귤
128,04,토산,2017-08-01,43.7,39.8,38.5,26.2,67.8,3.1,6.0,3.3,1.8,감귤
129,04,토산,2017-08-15,48.1,43.0,50.6,36.7,72.5,3.1,6.1,2.8,2.2,감귤
130,04,토산,2017-09-01,54.6,46.9,72.2,56.4,78.2,2.5,6.7,2.4,2.8,감귤
131,04,토산,2017-09-15,59.0,49.5,91.7,73.7,80.3,2.3,7.2,2.0,3.7,감귤
132,04,토산,2017-10-01,62.5,51.7,106.9,87.9,82.2,2.1,7.7,1.5,5.4,감귤
133,04,토산,2017-10-15,69.0,52.9,127.5,105.4,82.8,2.3,8.4,1.0,8.4,감귤
134,04,토산,2017-11-01,68.3,53.7,126.0,103.1,81.9,2.5,8.9,0.9,9.7,감귤
135,06,아라,2017-08-01,36.2,34.6,23.8,15.1,63.2,2.8,10.9,4.1,2.6,감귤
136,06,아라,2017-08-15,41.3,39.1,33.4,23.3,69.7,2.6,9.6,3.6,2.7,감귤
137,06,아라,2017-09-01,46.5,42.5,48.1,36.8,76.5,2.1,8.7,3.0,3.0,감귤
138,06,아라,2017-09-15,51.9,46.4,66.4,52.5,79.2,2.3,8.6,2.2,3.9,감귤
139,06,아라,2017-10-01,56.1,47.2,78.5,63.7,81.3,2.0,8.9,1.5,6.3,감귤
140,06,아라,2017-10-15,61.4,48.3,92.8,76.1,82.0,2.1,9.0,1.0,9.1,감귤
141,06,아라,2017-11-01,63.0,50.4,101.3,83.4,82.4,2.3,9.8,0.8,12.0,감귤
142,06,아라,2017-11-15,65.0,51.7,111.3,87.9,79.0,2.8,10.1,0.7,14.2,감귤
143,07,무릉,2017-08-01,40.5,37.9,30.8,19.0,61.6,3.8,7.7,0.0,0.0,감귤
144,07,무릉,2017-08-15,46.1,42.2,44.1,31.5,71.5,2.7,7.4,3.3,2.2,감귤
145,07,무릉,2017-09-01,50.7,45.3,61.2,47.4,77.5,2.2,7.2,2.7,2.7,감귤
146,07,무릉,2017-09-15,57.1,49.0,80.9,62.7,77.5,3.1,7.7,2.0,3.9,감귤
147,07,무릉,2017-10-01,61.6,51.4,101.8,81.9,80.4,2.2,8.3,1.3,6.3,감귤
148,07,무릉,2017-10-15,66.5,52.7,113.3,88.8,78.3,2.9,8.5,1.0,8.8,감귤
149,07,무릉,2017-11-01,67.9,53.8,118.8,92.9,78.2,2.9,9.1,0.9,10.7,감귤
150,07,무릉,2017-11-15,69.6,55.1,125.0,92.8,74.2,3.2,9.3,0.7,13.0,감귤
151,09,하원,2017-08-01,39.6,36.1,29.6,20.0,67.6,3.0,7.8,3.7,2.1,감귤
152,09,하원,2017-08-15,44.0,39.8,39.4,29.2,74.0,2.5,7.8,3.0,2.6,감귤
153,09,하원,2017-09-01,47.8,41.5,53.0,42.1,79.4,2.0,7.8,2.4,3.4,감귤
154,09,하원,2017-09-15,53.3,44.2,68.0,55.3,81.4,2.4,8.2,1.8,4.7,감귤
155,09,하원,2017-10-01,55.5,44.8,78.0,64.1,82.3,1.6,8.8,1.3,7.2,감귤
156,09,하원,2017-10-15,61.0,47.3,92.9,76.1,82.2,2.1,9.0,0.9,9.8,감귤
157,09,하원,2017-11-01,63.1,49.1,102.8,84.0,81.8,2.4,9.5,0.8,11.7,감귤
158,09,하원,2017-11-15,61.0,47.5,93.5,75.5,80.8,2.5,10.4,0.8,13.5,감귤
159,12,덕천,2017-08-01,40.2,37.3,30.2,19.9,65.9,3.0,6.9,3.8,1.9,감귤
160,12,덕천,2017-08-15,44.4,40.9,40.6,29.1,71.5,2.7,6.6,3.4,2.0,감귤
161,12,덕천,2017-09-01,49.4,44.4,57.9,44.4,76.7,2.4,7.0,2.8,2.5,감귤
162,12,덕천,2017-09-15,53.6,45.5,70.1,56.6,80.9,2.1,7.4,2.2,3.5,감귤
163,12,덕천,2017-10-01,59.8,51.6,95.6,76.8,80.4,2.3,8.0,1.7,4.9,감귤
164,12,덕천,2017-10-15,65.8,53.6,117.2,93.8,80.1,2.5,8.2,1.2,6.8,감귤
165,12,덕천,2017-11-01,67.4,54.1,121.4,97.4,80.2,2.6,8.5,0.9,9.4,감귤
166,14,신촌,2017-08-01,41.2,38.8,34.2,22.6,66.0,2.9,7.8,3.9,2.0,감귤
167,14,신촌,2017-08-15,44.5,41.5,41.6,29.3,70.5,3.0,7.6,3.4,2.3,감귤
168,14,신촌,2017-09-01,49.8,44.9,58.9,45.6,77.6,2.4,8.1,2.9,2.8,감귤
169,14,신촌,2017-09-15,55.1,48.5,77.4,61.8,80.0,2.4,8.2,2.4,3.5,감귤
170,14,신촌,2017-10-01,59.5,50.6,94.3,76.2,80.8,2.2,8.6,1.6,5.8,감귤
171,14,신촌,2017-10-15,65.2,52.1,109.9,89.6,81.6,2.3,8.7,1.1,8.1,감귤
172,14,신촌,2017-11-01,66.7,53.3,124.4,100.7,81.0,2.6,9.0,0.9,9.8,감귤
173,14,신촌,2017-11-15,68.0,55.0,129.8,93.4,71.9,2.9,9.6,0.9,11.0,감귤
174,16,금악,2017-08-01,34.1,32.0,19.8,12.1,60.9,2.9,8.7,3.9,2.2,감귤
175,16,금악,2017-08-15,46.4,43.6,46.5,30.9,66.5,3.2,8.5,2.9,3.0,감귤
176,16,금악,2017-09-01,46.1,41.4,47.5,36.7,77.3,2.2,8.1,2.9,2.8,감귤
177,16,금악,2017-09-15,54.7,49.2,73.9,56.8,76.9,3.4,8.0,2.2,3.6,감귤
178,16,금악,2017-10-01,56.5,45.7,82.5,67.0,81.2,1.7,8.7,1.4,6.0,감귤
179,16,금악,2017-10-15,63.6,49.9,102.7,83.7,81.5,2.3,8.8,1.3,6.9,감귤
180,16,금악,2017-11-01,64.9,49.7,108.1,87.2,80.7,2.5,9.6,0.9,10.7,감귤
181,16,금악,2017-11-15,66.7,52.5,112.5,90.3,80.3,2.6,10.2,0.7,13.8,감귤
182,26,하례,2017-08-01,41.7,39.8,34.6,22.7,65.5,3.3,5.9,3.5,1.7,감귤
183,26,하례,2017-08-15,45.5,42.3,44.2,31.5,71.7,2.7,6.3,3.3,1.9,감귤
184,26,하례,2017-09-01,50.9,46.3,61.8,47.0,76.1,2.5,6.5,2.7,2.4,감귤
185,26,하례,2017-09-15,54.5,47.9,73.8,59.0,79.8,2.5,6.9,2.2,3.2,감귤
186,26,하례,2017-10-01,58.8,51.1,94.1,75.3,79.9,2.3,7.5,1.6,4.8,감귤
187,26,하례,2017-10-15,65.3,53.1,109.7,89.3,81.4,2.5,7.7,1.3,6.1,감귤
188,26,하례,2017-11-01,65.7,54.4,115.8,92.8,80.1,2.7,8.6,1.1,7.9,감귤
189,26,하례,2017-11-15,67.3,54.5,117.9,93.8,79.5,2.8,9.2,1.0,9.3,감귤
190,29,창천,2017-08-01,40.3,37.7,31.2,21.1,67.3,2.9,6.9,3.6,1.9,감귤
191,29,창천,2017-08-15,44.0,40.1,39.4,28.6,72.8,2.4,6.9,3.1,2.2,감귤
192,29,창천,2017-09-01,48.8,43.8,55.4,44.7,80.6,1.9,7.2,2.4,3.0,감귤
193,29,창천,2017-09-15,53.8,46.3,70.3,57.2,81.4,2.5,7.8,1.8,4.3,감귤
194,29,창천,2017-10-01,57.0,47.7,86.6,70.8,81.7,1.8,8.5,1.3,6.4,감귤
195,29,창천,2017-10-15,63.3,50.0,101.4,83.8,82.6,2.2,8.9,1.0,9.1,감귤
196,29,창천,2017-11-01,62.5,50.5,102.8,84.3,81.9,2.3,9.4,0.9,10.5,감귤
197,29,창천,2017-11-15,61.8,50.3,99.3,81.1,81.5,2.5,10.1,0.9,12.1,감귤
198,30,덕수,2017-08-01,40.7,38.8,32.0,20.7,64.8,3.3,7.2,3.9,1.9,감귤
199,30,덕수,2017-08-15,43.7,40.3,39.1,28.6,73.2,2.5,7.6,3.6,2.1,감귤
200,30,덕수,2017-09-01,48.9,44.2,56.2,44.3,79.0,2.1,7.6,3.1,2.5,감귤
201,30,덕수,2017-09-15,55.4,47.7,75.8,61.5,81.2,2.1,8.0,2.4,3.4,감귤
202,30,덕수,2017-10-01,57.7,48.5,88.1,71.8,81.5,1.8,8.8,1.8,4.9,감귤
203,30,덕수,2017-10-15,64.4,50.6,106.3,87.7,82.4,2.2,9.2,1.3,7.2,감귤
204,30,덕수,2017-11-01,63.0,51.2,103.2,84.2,81.6,2.3,9.6,1.1,8.4,감귤
205,30,덕수,2017-11-15,63.5,51.3,106.3,86.5,81.4,2.5,10.2,1.1,9.7,감귤
206,31,신효,2017-08-01,40.1,36.3,30.4,21.4,70.5,2.5,7.0,3.2,2.2,감귤
207,31,신효,2017-08-15,45.1,39.8,42.3,33.1,78.2,2.1,7.5,2.8,2.7,감귤
208,31,신효,2017-09-01,49.1,42.1,54.8,44.6,81.5,1.8,7.8,2.2,3.6,감귤
209,31,신효,2017-09-15,52.3,44.7,67.8,56.6,83.4,2.0,8.5,1.5,5.6,감귤
210,31,신효,2017-10-01,57.0,47.6,85.4,70.9,83.2,1.8,9.0,1.1,8.2,감귤
211,31,신효,2017-10-15,61.2,47.4,94.1,79.4,84.4,2.0,9.4,0.9,10.9,감귤
212,31,신효,2017-11-01,61.5,49.4,97.5,81.1,83.1,2.2,9.8,0.8,12.9,감귤
213,31,신효,2017-11-15,64.1,49.7,105.8,84.4,80.0,2.5,10.6,0.7,15.8,감귤
214,32,신흥,2017-08-01,42.4,39.2,36.1,23.5,65.2,3.3,6.3,3.1,2.1,감귤
215,32,신흥,2017-08-15,46.8,42.8,48.5,36.1,74.6,2.7,6.5,2.6,2.5,감귤
216,32,신흥,2017-09-01,49.7,44.3,58.6,46.2,78.8,2.2,6.9,2.2,3.2,감귤
217,32,신흥,2017-09-15,54.5,47.5,76.1,61.8,81.3,2.2,7.5,1.7,4.5,감귤
218,32,신흥,2017-10-01,57.7,49.2,89.1,73.8,82.8,2.1,8.4,1.2,7.3,감귤
219,32,신흥,2017-10-15,65.7,52.0,115.1,95.4,82.9,2.3,8.8,0.9,10.3,감귤
220,32,신흥,2017-11-01,65.5,51.5,112.7,93.1,82.6,2.3,9.4,0.8,11.9,감귤
221,32,신흥,2017-11-15,65.5,52.3,112.8,91.8,81.4,2.6,10.1,0.7,14.2,감귤
222,01,용흥,2018-08-01,38.6,33.6,26.2,18.6,71.8,2.5,9.0,3.5,2.6,감귤
223,01,용흥,2018-08-15,40.4,35.6,29.7,21.9,73.7,2.5,9.2,2.9,3.2,감귤
224,01,용흥,2018-09-01,47.4,40.1,48.6,39.5,81.2,1.8,8.5,2.1,4.2,감귤
225,01,용흥,2018-09-15,50.8,43.2,61.3,50.9,82.9,1.7,8.8,1.5,5.8,감귤
226,01,용흥,2018-10-01,53.2,41.4,67.1,57.1,85.2,1.5,9.5,1.3,7.7,감귤
227,01,용흥,2018-10-15,56.5,42.6,73.0,60.9,83.5,1.6,10.1,1.1,9.5,감귤
228,01,용흥,2018-11-01,55.0,41.5,78.0,64.0,82.0,1.8,10.6,0.9,11.5,감귤
229,01,용흥,2018-11-15,57.2,42.7,79.3,63.8,80.4,2.3,10.9,1.0,11.5,감귤
230,02,성산,2018-08-01,38.6,34.0,26.4,17.2,65.2,3.0,8.1,3.5,2.3,감귤
231,02,성산,2018-08-15,39.4,34.3,29.5,21.1,71.3,2.5,10.1,3.5,3.0,감귤
232,02,성산,2018-09-01,45.8,39.1,42.7,32.4,75.9,2.5,8.8,2.4,3.7,감귤
233,02,성산,2018-09-15,50.9,41.9,59.4,47.8,80.3,2.1,7.8,1.7,4.8,감귤
234,02,성산,2018-10-01,53.8,43.2,69.1,57.7,83.4,1.8,8.0,1.2,6.7,감귤
235,02,성산,2018-10-15,54.9,42.8,69.1,57.8,83.6,1.8,8.5,1.0,8.5,감귤
236,02,성산,2018-11-01,57.4,44.1,83.0,68.8,82.8,1.9,9.5,0.9,11.3,감귤
237,02,성산,2018-11-15,58.0,43.8,81.5,66.3,81.4,2.2,9.9,0.9,11.4,감귤
238,04,토산,2018-08-01,39.7,35.9,28.5,17.7,62.2,3.3,7.7,3.4,2.3,감귤
239,04,토산,2018-08-15,45.4,40.3,43.3,30.5,70.4,3.3,7.6,3.0,2.6,감귤
240,04,토산,2018-09-01,51.0,44.5,59.4,46.1,77.5,2.7,7.5,2.1,3.7,감귤
241,04,토산,2018-09-15,54.3,45.4,72.5,58.3,80.4,2.3,7.6,1.5,5.2,감귤
242,04,토산,2018-10-01,58.8,47.4,87.0,72.2,83.1,2.0,8.2,1.2,7.2,감귤
243,04,토산,2018-10-15,59.6,47.6,91.1,74.9,82.3,1.9,9.0,1.1,8.7,감귤
244,04,토산,2018-11-01,60.2,47.7,95.2,77.3,81.2,2.2,9.7,0.9,11.4,감귤
245,04,토산,2018-11-15,61.2,46.9,95.0,76.4,80.5,2.5,9.8,0.9,11.0,감귤
246,06,아라,2018-08-01,41.0,37.9,31.9,20.5,63.9,3.2,7.7,3.6,2.1,감귤
247,06,아라,2018-08-15,47.3,43.2,49.2,35.5,72.2,3.0,8.5,3.1,2.7,감귤
248,06,아라,2018-09-01,52.8,46.2,66.0,51.2,77.5,2.6,8.0,2.2,3.7,감귤
249,06,아라,2018-09-15,57.5,49.5,87.2,70.7,81.1,2.2,8.0,1.4,5.7,감귤
250,06,아라,2018-10-01,59.8,47.6,93.2,77.3,82.9,2.2,8.2,1.2,6.9,감귤
251,06,아라,2018-10-15,62.6,49.5,105.5,86.1,81.7,2.0,8.5,1.0,8.6,감귤
252,06,아라,2018-11-01,65.7,51.0,116.4,94.3,81.0,2.2,9.2,0.8,11.2,감귤
253,06,아라,2018-11-15,68.1,51.7,123.5,98.9,80.1,2.8,9.5,0.8,11.8,감귤
254,07,무릉,2018-08-01,40.6,36.0,31.1,20.9,67.4,2.7,8.1,3.6,2.3,감귤
255,07,무릉,2018-08-15,43.2,37.5,37.0,27.1,73.1,2.5,9.1,3.7,3.2,감귤
256,07,무릉,2018-09-01,52.0,44.8,62.1,49.0,78.9,2.5,8.2,3.7,4.3,감귤
257,07,무릉,2018-09-15,53.0,43.9,67.7,56.1,82.8,2.0,7.9,3.7,5.5,감귤
258,07,무릉,2018-10-01,57.3,45.0,81.7,69.2,84.7,1.9,8.4,3.7,8.0,감귤
259,07,무릉,2018-10-15,60.1,46.0,88.8,73.9,83.1,1.9,9.5,1.0,9.8,감귤
260,07,무릉,2018-11-01,58.2,46.3,91.3,74.4,81.5,2.2,10.1,0.9,11.7,감귤
261,07,무릉,2018-11-15,62.6,47.5,100.2,80.5,80.4,2.5,10.7,0.9,12.1,감귤
262,09,하원,2018-08-01,40.9,35.1,31.9,21.8,68.3,2.7,8.2,3.6,2.4,감귤
263,09,하원,2018-08-15,41.2,37.5,33.8,24.0,71.1,2.6,9.3,2.6,3.6,감귤
264,09,하원,2018-09-01,49.6,43.7,55.6,43.0,77.3,2.5,8.1,1.9,4.3,감귤
265,09,하원,2018-09-15,52.9,47.0,69.5,56.0,80.5,2.1,7.8,1.4,5.6,감귤
266,09,하원,2018-10-01,54.1,45.2,72.3,60.2,83.2,1.9,8.1,1.0,8.0,감귤
267,09,하원,2018-10-15,57.2,52.8,85.1,71.0,83.5,1.9,8.8,0.9,9.9,감귤
268,09,하원,2018-11-01,57.3,47.4,85.9,70.5,82.0,1.9,9.7,0.9,11.6,감귤
269,09,하원,2018-11-15,59.2,46.4,89.6,71.9,80.1,2.5,10.1,0.9,11.4,감귤
270,12,덕천,2018-08-01,38.9,34.7,28.8,19.2,66.5,2.8,8.9,3.6,2.5,감귤
271,12,덕천,2018-08-15,42.1,37.5,36.0,25.5,70.7,2.8,9.9,3.7,2.7,감귤
272,12,덕천,2018-09-01,49.0,42.6,53.0,40.5,76.5,2.5,8.6,2.6,3.2,감귤
273,12,덕천,2018-09-15,53.0,45.1,68.3,54.9,80.4,1.9,8.2,1.8,4.5,감귤
274,12,덕천,2018-10-01,57.2,44.6,80.3,67.5,84.1,1.7,8.6,1.4,6.3,감귤
275,12,덕천,2018-10-15,60.4,45.7,89.3,73.9,82.8,1.9,9.2,1.2,7.9,감귤
276,12,덕천,2018-11-01,58.7,45.2,87.5,71.7,82.0,1.9,10.0,1.0,10.0,감귤
277,12,덕천,2018-11-15,64.7,48.0,107.6,85.9,79.8,2.5,10.2,1.0,10.7,감귤
278,14,신촌,2018-08-01,39.7,36.0,29.3,19.2,65.5,3.0,7.9,3.8,2.1,감귤
279,14,신촌,2018-08-15,46.0,42.4,47.0,33.1,70.6,3.1,7.8,3.3,2.4,감귤
280,14,신촌,2018-09-01,50.3,46.4,60.5,46.0,76.0,2.6,7.6,2.6,2.9,감귤
281,14,신촌,2018-09-15,56.2,48.4,81.9,65.9,80.6,2.4,7.3,1.9,4.0,감귤
282,14,신촌,2018-10-01,59.7,49.2,94.8,78.2,82.6,2.0,7.7,1.4,5.6,감귤
283,14,신촌,2018-10-15,61.6,50.2,101.9,84.2,82.6,1.8,8.1,1.1,7.2,감귤
284,14,신촌,2018-11-01,61.7,49.8,106.6,87.6,82.2,2.0,8.8,0.9,9.7,감귤
285,14,신촌,2018-11-15,66.7,61.7,120.0,95.4,79.5,2.6,9.1,0.9,10.1,감귤
286,16,금악,2018-08-01,40.6,37.4,31.6,20.3,64.0,3.2,7.6,3.6,2.1,감귤
287,16,금악,2018-08-15,35.5,32.4,21.4,13.5,62.2,2.5,11.9,3.4,3.5,감귤
288,16,금악,2018-09-01,45.4,40.7,43.0,31.2,72.2,2.7,9.6,2.2,4.4,감귤
289,16,금악,2018-09-15,49.0,43.1,54.0,43.1,79.7,2.3,8.7,1.6,5.7,감귤
290,16,금악,2018-10-01,51.8,43.1,63.6,52.8,83.0,1.6,9.0,1.1,8.8,감귤
291,16,금악,2018-10-15,55.6,45.0,74.2,61.1,82.4,1.9,9.6,0.9,11.2,감귤
292,16,금악,2018-11-01,54.7,44.3,76.7,62.1,81.0,2.0,10.0,0.8,13.6,감귤
293,16,금악,2018-11-15,58.0,44.9,80.8,64.1,79.4,2.4,10.9,0.8,13.9,감귤
294,26,하례,2018-08-01,35.0,32.4,21.2,13.4,63.3,2.6,9.7,3.7,2.6,감귤
295,26,하례,2018-08-15,42.5,37.6,36.0,24.2,67.1,2.9,8.1,3.4,2.4,감귤
296,26,하례,2018-09-01,51.2,45.1,61.3,47.1,76.9,2.8,7.1,2.5,2.9,감귤
297,26,하례,2018-09-15,55.8,46.8,78.6,62.7,79.8,2.2,7.1,1.9,3.9,감귤
298,26,하례,2018-10-01,58.2,47.5,87.6,71.0,81.1,2.3,7.9,1.4,6.1,감귤
299,26,하례,2018-10-15,60.0,48.2,95.6,78.3,81.9,2.0,8.5,1.2,7.1,감귤
300,26,하례,2018-11-01,62.9,49.3,108.4,88.6,81.6,2.0,9.4,1.0,9.4,감귤
301,26,하례,2018-11-15,64.7,50.0,108.0,86.1,79.6,2.4,9.6,0.9,11.1,감귤
302,29,창천,2018-08-01,37.5,34.7,24.1,13.2,54.8,3.8,7.9,3.9,2.0,감귤
303,29,창천,2018-08-15,43.9,39.3,39.1,28.2,72.2,2.5,8.5,3.1,2.7,감귤
304,29,창천,2018-09-01,52.6,47.1,66.0,49.7,75.5,2.9,7.6,2.3,3.4,감귤
305,29,창천,2018-09-15,54.5,45.2,73.1,58.7,80.6,2.3,7.5,1.7,4.5,감귤
306,29,창천,2018-10-01,61.0,49.2,98.5,81.3,82.7,2.3,8.1,1.2,7.0,감귤
307,29,창천,2018-10-15,61.4,49.0,101.4,83.9,82.8,2.1,8.5,1.0,8.4,감귤
308,29,창천,2018-11-01,61.1,48.7,103.0,84.1,81.6,2.1,9.5,0.9,11.3,감귤
309,29,창천,2018-11-15,64.4,49.4,111.9,89.9,80.2,2.5,9.9,0.9,11.4,감귤
310,30,덕수,2018-08-01,40.8,34.9,31.6,20.8,65.8,3.1,7.6,3.6,2.1,감귤
311,30,덕수,2018-08-15,43.6,39.0,38.4,27.9,72.8,2.8,9.5,3.2,3.0,감귤
312,30,덕수,2018-09-01,49.4,43.2,53.7,41.4,77.1,2.4,8.7,2.4,3.7,감귤
313,30,덕수,2018-09-15,53.3,46.5,69.1,55.6,80.5,2.1,8.6,1.8,5.0,감귤
314,30,덕수,2018-10-01,56.3,44.2,79.6,66.5,83.4,2.0,9.0,1.2,7.4,감귤
315,30,덕수,2018-10-15,59.8,47.0,88.1,72.9,82.6,1.8,9.5,1.1,8.9,감귤
316,30,덕수,2018-11-01,57.5,45.3,87.5,71.5,81.7,2.0,10.2,0.9,11.4,감귤
317,31,신효,2018-08-01,39.2,35.0,28.6,19.4,67.9,2.7,8.5,3.7,2.3,감귤
318,31,신효,2018-08-15,45.5,40.3,44.1,33.4,75.7,2.5,9.1,2.4,3.8,감귤
319,31,신효,2018-09-01,51.0,44.9,61.0,48.8,80.0,2.3,8.4,1.8,4.6,감귤
320,31,신효,2018-09-15,52.5,44.9,65.7,54.8,83.4,1.9,8.2,1.4,6.1,감귤
321,31,신효,2018-10-01,57.3,45.7,83.9,71.9,85.7,1.7,9.3,1.0,9.8,감귤
322,31,신효,2018-10-15,59.5,46.6,91.5,78.2,85.5,1.7,9.8,0.9,11.6,감귤
323,31,신효,2018-11-01,59.9,47.5,100.2,84.1,83.9,1.8,11.0,0.7,15.2,감귤
324,31,신효,2018-11-15,63.3,49.2,107.3,89.2,83.1,2.2,11.4,0.8,14.4,감귤
325,32,신흥,2018-08-01,40.6,36.1,30.7,20.9,68.2,2.8,8.2,3.1,2.7,감귤
326,32,신흥,2018-08-15,42.2,39.0,38.3,27.1,70.8,3.0,8.4,2.7,3.1,감귤
327,32,신흥,2018-09-01,48.3,43.7,57.0,44.0,77.2,2.6,7.9,1.9,4.4,감귤
328,32,신흥,2018-09-15,51.6,46.0,68.4,55.5,81.1,2.1,7.8,1.3,6.3,감귤
329,32,신흥,2018-10-01,55.4,46.6,82.8,69.5,84.0,1.8,8.7,1.1,8.5,감귤
330,32,신흥,2018-10-15,55.7,47.2,89.5,74.5,83.2,2.0,9.5,0.9,11.1,감귤
331,32,신흥,2018-11-01,57.4,47.4,96.5,79.4,82.2,2.0,10.1,0.8,13.3,감귤
332,32,신흥,2018-11-15,57.3,47.7,94.1,76.3,81.1,2.3,11.0,0.8,13.5,감귤
333,01,용흥,2019-08-01,37.2,33.1,24.9,15.8,63.3,2.9,7.3,4.2,1.7,감귤
334,01,용흥,2019-08-15,44.1,40.1,38.3,27.0,70.5,2.9,7.8,3.6,2.2,감귤
335,01,용흥,2019-09-01,49.1,43.2,53.3,40.7,76.3,2.5,7.8,2.8,2.9,감귤
336,01,용흥,2019-09-15,53.2,43.4,66.1,53.1,80.3,2.2,7.9,1.8,4.7,감귤
337,01,용흥,2019-10-01,56.6,45.1,75.4,61.4,81.5,2.3,8.3,1.4,5.9,감귤
338,01,용흥,2019-10-15,58.1,45.1,81.3,67.2,82.7,2.1,8.9,1.3,7.1,감귤
339,01,용흥,2019-11-01,55.6,44.8,74.1,59.5,80.3,2.2,9.7,1.2,8.1,감귤
340,01,용흥,2019-11-15,58.6,48.8,87.3,69.3,79.3,2.4,9.9,1.1,9.2,감귤
341,01,용흥,2019-11-28,61.6,48.0,91.6,71.5,78.1,2.4,9.9,1.3,7.9,감귤
342,02,성산,2019-08-01,35.1,32.9,20.5,12.2,59.1,3.4,6.0,3.6,1.7,감귤
343,02,성산,2019-08-15,38.1,35.3,26.2,17.7,67.7,3.0,6.9,3.6,1.9,감귤
344,02,성산,2019-09-01,40.3,36.6,31.6,23.6,74.6,2.2,7.3,3.0,2.4,감귤
345,02,성산,2019-09-15,47.0,40.2,49.0,39.3,80.1,2.1,7.3,2.1,3.5,감귤
346,02,성산,2019-10-01,48.6,43.6,55.4,46.2,83.3,1.9,7.5,1.5,5.1,감귤
347,02,성산,2019-10-15,51.4,43.5,62.1,52.7,84.9,1.7,8.4,1.2,6.9,감귤
348,02,성산,2019-11-01,56.2,54.5,76.5,63.3,82.5,2.1,9.5,1.1,9.0,감귤
349,02,성산,2019-11-15,56.7,46.5,80.9,66.9,82.6,2.0,10.0,1.0,10.5,감귤
350,02,성산,2019-11-28,58.3,47.3,163.5,67.0,73.3,2.2,10.3,1.0,10.4,감귤
351,04,토산,2019-08-01,39.6,37.2,29.7,18.6,62.3,3.5,6.0,3.8,1.6,감귤
352,04,토산,2019-08-15,44.0,39.8,39.4,27.1,68.6,3.3,6.6,3.5,1.9,감귤
353,04,토산,2019-09-01,48.5,43.9,52.5,40.0,76.2,2.4,6.6,2.8,2.4,감귤
354,04,토산,2019-09-15,55.1,48.4,76.2,62.2,81.5,2.1,6.8,1.8,3.9,감귤
355,04,토산,2019-10-01,54.0,45.3,69.6,57.3,82.3,1.7,6.9,1.6,4.6,감귤
356,04,토산,2019-10-15,55.4,45.5,74.0,62.1,84.0,1.9,7.7,1.3,6.1,감귤
357,04,토산,2019-11-01,63.9,51.6,106.0,85.5,80.6,2.4,8.7,1.0,8.7,감귤
358,04,토산,2019-11-15,61.7,50.9,101.3,81.2,80.1,2.4,9.3,1.1,8.9,감귤
359,06,아라,2019-08-01,36.3,34.6,24.7,15.0,60.5,3.3,7.0,4.0,1.7,감귤
360,06,아라,2019-08-15,43.8,41.0,39.1,25.7,65.7,3.6,7.2,3.5,2.1,감귤
361,06,아라,2019-09-01,48.3,44.6,53.6,40.6,75.9,2.4,6.9,2.9,2.4,감귤
362,06,아라,2019-09-15,50.3,43.6,59.2,45.5,77.5,2.2,7.1,1.8,4.0,감귤
363,06,아라,2019-10-01,55.7,48.1,78.8,64.4,81.8,2.4,7.7,1.3,6.1,감귤
364,06,아라,2019-10-15,59.7,47.9,87.0,70.5,81.0,2.3,8.3,1.0,8.1,감귤
365,06,아라,2019-11-01,61.3,52.3,100.3,80.3,80.0,2.5,8.8,0.9,9.5,감귤
366,06,아라,2019-11-15,56.8,48.6,82.1,65.1,79.3,2.2,9.5,0.9,10.4,감귤
367,06,아라,2019-11-28,62.7,50.9,97.7,74.4,76.1,2.5,9.6,1.0,9.8,감귤
368,07,무릉,2019-08-01,41.3,37.5,36.5,24.3,66.7,3.3,5.9,3.3,1.8,감귤
369,07,무릉,2019-08-15,46.3,41.2,46.1,33.6,72.6,3.0,6.5,2.9,2.3,감귤
370,07,무릉,2019-09-01,60.3,45.7,61.2,48.4,79.1,2.4,6.9,2.3,3.1,감귤
371,07,무릉,2019-09-15,52.1,47.4,68.4,56.0,81.9,2.0,7.1,1.6,4.6,감귤
372,07,무릉,2019-10-01,57.5,48.1,86.0,71.4,83.1,2.1,7.5,1.2,6.4,감귤
373,07,무릉,2019-10-15,58.5,48.4,90.8,75.5,83.1,2.1,8.3,3.7,7.8,감귤
374,07,무릉,2019-11-01,56.8,47.2,79.1,63.9,80.8,2.2,9.1,1.1,8.5,감귤
375,07,무릉,2019-11-15,59.9,52.5,99.7,80.5,80.6,2.5,9.8,1.0,10.4,감귤
376,07,무릉,2019-11-28,59.9,50.9,95.2,75.6,79.4,2.3,10.1,1.0,10.4,감귤
377,09,하원,2019-08-01,42.2,39.2,35.1,23.9,68.0,3.1,5.8,3.2,1.8,감귤
378,09,하원,2019-08-15,46.5,43.4,46.5,33.5,72.1,3.2,6.5,2.8,2.3,감귤
379,09,하원,2019-09-01,49.3,44.3,56.5,43.6,77.2,2.5,6.9,2.4,3.0,감귤
380,09,하원,2019-09-15,51.0,46.3,62.8,51.1,81.3,2.1,7.2,1.6,4.6,감귤
381,09,하원,2019-10-01,56.5,47.3,78.5,63.6,80.9,2.3,7.8,1.2,6.6,감귤
382,09,하원,2019-10-15,58.3,47.9,84.0,68.3,81.3,2.2,8.4,1.1,7.9,감귤
383,09,하원,2019-11-01,56.3,46.1,73.8,59.3,80.3,2.1,9.1,1.0,8.8,감귤
384,09,하원,2019-11-15,57.8,49.4,87.1,69.6,79.9,2.4,9.7,1.0,10.1,감귤
385,12,덕천,2019-08-01,35.5,34.3,21.8,13.4,61.7,3.0,7.0,4.4,1.6,감귤
386,12,덕천,2019-08-15,41.3,38.5,33.7,22.3,66.2,3.1,7.4,4.1,1.8,감귤
387,12,덕천,2019-09-01,43.7,40.9,40.8,30.8,75.4,2.3,7.2,3.6,2.0,감귤
388,12,덕천,2019-09-15,56.2,48.7,78.9,63.0,79.9,2.4,7.2,2.3,3.1,감귤
389,12,덕천,2019-10-01,54.6,46.4,73.7,60.4,81.9,2.1,7.3,1.8,4.2,감귤
390,12,덕천,2019-10-15,55.9,47.4,80.5,67.6,84.0,1.9,8.1,1.5,5.7,감귤
391,12,덕천,2019-11-01,63.7,53.3,110.7,89.2,80.5,2.4,9.3,1.1,8.9,감귤
392,12,덕천,2019-11-15,62.8,54.4,109.4,87.5,80.0,2.7,9.9,1.1,9.6,감귤
393,12,덕천,2019-11-28,63.2,51.8,103.9,82.6,79.5,2.3,10.2,1.1,9.3,감귤
394,14,신촌,2019-08-01,41.3,39.2,34.2,21.5,62.8,3.9,6.6,3.6,1.9,감귤
395,14,신촌,2019-08-15,45.9,43.1,44.2,29.5,66.7,3.7,6.4,3.3,2.1,감귤
396,14,신촌,2019-09-01,50.8,47.4,62.7,46.6,74.4,2.8,6.5,3.1,2.5,감귤
397,14,신촌,2019-09-15,56.9,50.3,85.0,66.4,78.3,2.7,6.4,2.3,2.9,감귤
398,14,신촌,2019-10-01,59.3,51.1,91.3,74.1,81.2,2.4,6.8,1.5,4.5,감귤
399,14,신촌,2019-10-15,56.8,50.4,84.3,68.5,81.3,2.3,7.7,1.3,6.0,감귤
400,14,신촌,2019-11-01,63.1,53.4,111.0,88.2,79.6,2.6,8.5,1.1,7.7,감귤
401,14,신촌,2019-11-15,65.0,53.6,115.6,91.0,78.7,2.7,9.0,1.2,7.9,감귤
402,16,금악,2019-08-01,36.4,34.2,22.5,14.3,63.4,3.1,6.8,4.2,1.6,감귤
403,16,금악,2019-08-15,41.5,38.2,32.2,21.8,67.7,2.9,7.4,3.8,2.0,감귤
404,16,금악,2019-09-01,46.1,41.1,44.6,33.7,75.4,2.4,7.3,2.7,2.7,감귤
405,16,금악,2019-09-15,48.5,42.7,52.1,41.4,79.5,2.0,7.4,1.8,4.2,감귤
406,16,금악,2019-10-01,52.6,43.9,62.4,50.2,80.4,2.2,8.1,1.3,6.3,감귤
407,16,금악,2019-10-15,53.6,45.9,68.6,56.0,81.6,2.0,8.4,1.1,7.5,감귤
408,16,금악,2019-11-01,54.1,46.4,69.7,56.1,80.4,2.2,9.0,1.1,8.8,감귤
409,16,금악,2019-11-15,56.6,48.5,79.2,63.1,79.6,2.3,9.9,0.9,10.8,감귤
410,16,금악,2019-11-28,57.8,46.6,81.4,64.6,79.3,2.0,10.1,0.9,11.2,감귤
411,26,하례,2019-08-01,42.0,39.6,34.3,22.2,64.7,3.5,5.9,3.9,1.5,감귤
412,26,하례,2019-08-15,46.1,41.7,45.2,31.1,68.8,3.4,6.7,3.6,1.9,감귤
413,26,하례,2019-09-01,50.3,45.3,59.3,45.4,76.5,2.4,6.9,2.9,2.4,감귤
414,26,하례,2019-09-15,51.7,46.4,64.2,52.6,82.0,2.0,7.0,1.9,3.8,감귤
415,26,하례,2019-10-01,58.8,48.6,88.3,71.7,81.1,2.4,7.7,1.4,5.5,감귤
416,26,하례,2019-10-15,62.8,50.6,102.0,83.3,81.6,2.4,8.3,1.2,7.1,감귤
417,26,하례,2019-11-01,64.2,53.5,117.0,93.7,80.0,2.6,9.1,1.1,8.6,감귤
418,26,하례,2019-11-15,62.9,53.9,114.4,90.2,78.8,2.7,9.8,1.0,9.5,감귤
419,26,하례,2019-11-28,66.7,54.2,121.5,94.0,77.1,2.6,9.9,1.0,10.2,감귤
420,29,창천,2019-08-01,38.6,35.8,28.0,17.7,63.2,3.5,5.4,3.4,1.6,감귤
421,29,창천,2019-08-15,44.5,41.8,40.7,27.3,67.0,3.5,6.2,3.4,1.8,감귤
422,29,창천,2019-09-01,49.1,45.7,56.8,43.0,75.6,2.7,6.4,2.8,2.3,감귤
423,29,창천,2019-09-15,51.3,46.4,64.6,52.0,80.6,2.1,6.6,2.0,3.4,감귤
424,29,창천,2019-10-01,56.7,48.6,81.3,65.6,80.7,2.4,7.2,1.6,4.5,감귤
425,29,창천,2019-10-15,59.1,48.1,87.6,71.7,81.8,2.2,8.0,1.3,6.2,감귤
426,29,창천,2019-11-01,57.0,47.3,78.9,63.4,80.3,2.3,8.8,1.3,7.2,감귤
427,29,창천,2019-11-15,59.5,51.8,93.8,74.5,79.4,2.4,9.3,1.1,8.2,감귤
428,29,창천,2019-11-28,61.7,50.7,97.3,75.4,77.5,2.4,9.6,1.1,8.8,감귤
429,30,덕수,2019-08-01,38.9,37.3,28.2,17.9,63.4,3.3,6.2,4.0,1.6,감귤
430,30,덕수,2019-08-15,44.2,40.9,41.5,28.6,69.1,3.1,6.7,3.8,1.8,감귤
431,30,덕수,2019-09-01,47.5,44.0,50.3,38.2,75.8,2.6,6.8,3.2,2.1,감귤
432,30,덕수,2019-09-15,50.9,44.2,60.6,49.6,81.7,1.8,7.3,2.2,3.4,감귤
433,30,덕수,2019-10-01,55.6,47.7,76.2,62.3,81.7,2.3,7.6,1.7,4.7,감귤
434,30,덕수,2019-10-15,57.8,48.6,84.4,70.5,83.5,2.0,8.4,1.4,6.1,감귤
435,30,덕수,2019-11-01,56.2,47.3,76.9,63.5,82.5,2.0,9.3,1.4,6.7,감귤
436,30,덕수,2019-11-15,58.0,49.0,89.8,73.9,82.3,2.0,9.6,1.3,7.6,감귤
437,30,덕수,2019-11-28,63.0,52.0,105.6,85.6,81.0,2.2,10.0,1.4,7.0,감귤
438,31,신효,2019-08-01,44.9,41.3,41.3,29.1,70.5,3.1,6.0,2.8,2.2,감귤
439,31,신효,2019-08-15,47.2,42.0,48.8,35.4,72.4,3.2,6.5,2.6,2.6,감귤
440,31,신효,2019-09-01,51.2,45.9,63.3,50.2,79.3,2.3,6.8,1.9,3.7,감귤
441,31,신효,2019-09-15,53.0,47.2,68.1,57.2,84.2,1.9,6.9,1.3,5.3,감귤
442,31,신효,2019-10-01,58.8,49.1,88.6,73.1,82.5,2.3,7.8,1.0,7.6,감귤
443,31,신효,2019-10-15,61.3,49.9,96.7,80.9,83.7,2.1,8.5,1.0,8.7,감귤
444,31,신효,2019-11-01,58.8,48.6,87.6,71.3,81.4,2.1,9.3,1.0,9.7,감귤
445,31,신효,2019-11-15,62.5,51.2,99.3,80.3,80.7,2.3,9.7,0.9,11.5,감귤
446,31,신효,2019-11-28,66.2,53.6,112.0,92.0,82.1,2.5,10.3,0.8,12.3,감귤
447,32,신흥,2019-08-01,40.1,36.8,32.4,20.1,62.3,3.6,5.9,3.6,1.7,감귤
448,32,신흥,2019-08-15,45.0,41.7,41.8,28.8,68.7,3.3,6.7,3.1,2.1,감귤
449,32,신흥,2019-09-01,47.0,43.2,49.1,37.1,75.5,2.7,6.8,2.6,2.7,감귤
450,32,신흥,2019-09-15,56.0,48.4,80.7,64.7,80.2,2.5,7.0,1.7,4.3,감귤
451,32,신흥,2019-10-01,55.2,47.1,75.8,61.2,80.8,2.3,7.4,1.3,5.8,감귤
452,32,신흥,2019-10-15,55.2,48.5,78.2,65.0,83.1,2.0,8.3,1.1,7.6,감귤
453,32,신흥,2019-11-01,62.0,51.2,103.3,83.4,80.7,2.4,9.2,1.0,9.0,감귤
454,32,신흥,2019-11-15,62.9,51.6,107.2,85.6,79.9,2.4,10.0,0.9,10.8,감귤
455,32,신흥,2019-11-28,63.4,51.6,104.6,82.3,78.7,2.5,10.4,0.9,11.6,감귤
456,01,용흥,2020-08-01,39.5,36.6,29.2,20.0,68.5,2.8,6.3,4.2,1.5,감귤
457,01,용흥,2020-08-15,43.4,39.9,39.4,29.7,75.1,2.3,6.8,3.4,2.0,감귤
458,01,용흥,2020-09-01,52.0,45.0,64.1,51.6,80.4,1.8,6.9,2.0,3.5,감귤
459,01,용흥,2020-09-15,51.3,46.0,63.0,52.1,82.6,2.1,7.1,2.1,3.4,감귤
460,01,용흥,2020-10-01,63.7,44.7,72.3,61.3,84.7,1.7,7.9,1.5,5.2,감귤
461,01,용흥,2020-10-15,57.5,46.9,81.9,69.4,84.7,1.8,8.9,1.3,6.8,감귤
462,01,용흥,2020-11-01,57.4,48.7,84.9,69.6,82.0,2.2,9.7,1.2,8.5,감귤
463,01,용흥,2020-11-15,60.1,47.8,87.0,70.5,81.0,2.3,10.3,1.0,10.0,감귤
464,01,용흥,2020-11-28,null,null,null,null,null,null,null,null,null,감귤
465,02,성산,2020-08-01,40.2,37.4,29.7,18.7,63.1,3.3,5.5,3.7,1.5,감귤
466,02,성산,2020-08-15,43.8,41.2,40.4,28.2,69.6,3.0,5.6,3.2,1.8,감귤
467,02,성산,2020-09-01,48.0,42.1,52.2,40.6,77.7,2.2,6.3,2.1,3.0,감귤
468,02,성산,2020-09-15,51.5,46.5,64.2,52.0,80.9,2.3,6.2,1.9,3.3,감귤
469,02,성산,2020-10-01,54.9,46.9,76.1,63.2,83.1,2.0,6.6,1.5,4.5,감귤
470,02,성산,2020-10-15,58.7,48.4,85.2,71.3,83.8,2.1,8.1,1.3,6.3,감귤
471,02,성산,2020-11-01,60.9,48.8,89.7,73.2,81.6,2.4,9.1,1.2,7.9,감귤
472,02,성산,2020-11-15,62.1,50.8,94.8,76.0,80.3,2.5,9.3,1.0,9.4,감귤
473,02,성산,2020-11-28,null,null,null,null,null,null,null,null,null,감귤
474,04,토산,2020-08-15,45.1,43.0,42.9,30.1,70.1,3.3,5.5,3.3,1.7,감귤
475,04,토산,2020-09-01,48.8,45.4,55.7,42.8,76.8,2.7,6.4,2.3,2.8,감귤
476,04,토산,2020-09-15,52.0,47.3,64.4,51.5,79.9,2.3,6.4,2.0,3.3,감귤
477,04,토산,2020-10-01,55.0,49.0,76.9,63.5,82.6,2.1,7.0,1.8,4.0,감귤
478,04,토산,2020-10-15,57.9,48.7,84.9,70.3,82.8,2.1,8.0,1.5,5.5,감귤
479,04,토산,2020-11-01,59.6,51.9,93.8,76.1,81.1,2.4,9.2,1.3,7.3,감귤
480,04,토산,2020-11-15,61.6,50.9,96.8,77.5,80.1,2.3,9.2,1.1,8.4,감귤
481,04,토산,2020-11-28,61.4,53.5,101.2,80.1,79.2,2.4,10.0,1.1,9.6,감귤
482,06,아라,2020-08-01,35.6,33.4,21.1,12.7,60.2,3.0,6.7,4.5,1.5,감귤
483,06,아라,2020-08-15,37.8,35.6,26.7,18.6,69.8,2.3,7.3,3.9,1.9,감귤
484,06,아라,2020-09-01,42.9,39.5,38.1,29.0,75.9,2.2,7.8,2.8,2.9,감귤
485,06,아라,2020-09-15,45.6,41.8,45.5,36.3,79.7,2.0,7.7,2.3,3.4,감귤
486,06,아라,2020-10-01,48.6,43.6,54.9,44.9,81.8,1.8,7.8,1.8,4.5,감귤
487,06,아라,2020-10-15,53.1,44.3,65.6,52.5,80.2,2.0,9.1,1.4,6.7,감귤
488,06,아라,2020-11-01,53.4,46.0,68.5,54.2,79.1,2.4,10.0,1.2,8.5,감귤
489,06,아라,2020-11-15,55.6,45.9,70.1,54.8,78.3,2.3,10.4,1.1,10.0,감귤
490,06,아라,2020-11-28,55.7,47.4,72.8,56.0,77.0,2.5,10.7,1.0,11.2,감귤
491,07,무릉,2020-08-01,43.0,37.0,34.6,23.2,67.0,2.9,6.2,3.7,1.7,감귤
492,07,무릉,2020-08-15,46.5,42.4,46.7,35.6,76.3,2.5,6.2,3.1,2.0,감귤
493,07,무릉,2020-09-01,50.3,42.1,59.3,48.2,81.4,1.8,6.5,2.2,3.0,감귤
494,07,무릉,2020-09-15,55.0,48.9,78.8,66.1,83.9,2.0,6.6,1.8,3.8,감귤
495,07,무릉,2020-10-01,58.4,50.4,89.9,76.8,85.5,1.8,7.1,1.5,4.8,감귤
496,07,무릉,2020-10-15,62.4,50.9,101.7,86.1,84.6,2.1,8.4,1.4,6.1,감귤
497,07,무릉,2020-11-01,61.1,51.1,100.8,83.0,82.3,2.3,9.5,1.3,7.6,감귤
498,07,무릉,2020-11-15,65.2,51.1,107.4,87.4,81.3,2.3,10.2,1.1,9.4,감귤
499,07,무릉,2020-11-28,62.9,52.6,107.3,86.4,80.6,2.6,10.7,1.0,10.3,감귤
500,09,하원,2020-08-01,40.1,36.4,29.4,19.9,67.8,2.7,5.8,3.7,1.6,감귤
501,09,하원,2020-08-15,43.9,39.8,39.6,30.2,76.3,2.3,6.0,2.9,2.1,감귤
502,09,하원,2020-09-01,45.8,39.2,46.6,37.5,80.5,1.7,6.8,2.0,3.5,감귤
503,09,하원,2020-09-15,50.8,45.0,61.5,50.6,82.3,2.0,7.1,1.8,4.0,감귤
504,09,하원,2020-10-01,53.9,46.0,72.3,61.2,84.5,1.7,7.7,1.4,5.7,감귤
505,09,하원,2020-10-15,55.4,44.6,73.8,61.2,83.1,2.0,8.9,1.2,7.4,감귤
506,09,하원,2020-11-01,58.9,47.0,79.1,64.1,80.9,2.2,9.9,1.1,8.9,감귤
507,09,하원,2020-11-15,58.5,46.7,81.2,64.7,79.7,2.5,10.6,1.0,11.2,감귤
508,09,하원,2020-11-28,null,null,null,null,null,null,null,null,null,감귤
509,12,덕천,2020-08-01,38.4,34.7,25.8,16.2,63.0,3.1,6.2,4.6,1.4,감귤
510,12,덕천,2020-08-15,43.8,40.4,38.9,27.8,71.4,3.0,6.4,4.0,1.6,감귤
511,12,덕천,2020-09-01,46.9,42.7,48.5,38.1,78.5,2.3,7.2,2.7,2.7,감귤
512,12,덕천,2020-09-15,51.4,45.6,63.6,51.7,81.5,2.0,7.2,2.2,3.3,감귤
513,12,덕천,2020-10-01,54.2,44.1,70.4,58.7,83.3,1.9,7.5,1.8,4.4,감귤
514,12,덕천,2020-10-15,57.6,46.3,81.7,67.7,82.9,2.1,8.7,1.4,6.4,감귤
515,12,덕천,2020-11-01,59.5,46.7,84.5,67.8,80.2,2.3,9.5,1.2,7.9,감귤
516,12,덕천,2020-11-15,59.2,47.5,83.8,66.8,79.7,2.4,9.7,1.1,8.8,감귤
517,12,덕천,2020-11-28,59.0,49.5,89.0,70.0,78.7,2.5,10.4,1.0,10.1,감귤
518,14,신촌,2020-08-01,45.3,36.2,27.4,18.0,65.8,3.1,6.1,4.4,1.4,감귤
519,14,신촌,2020-08-15,43.0,40.2,37.5,27.2,72.6,2.7,6.4,3.9,1.7,감귤
520,14,신촌,2020-09-01,47.4,43.7,51.1,39.8,77.9,2.4,7.1,2.6,2.7,감귤
521,14,신촌,2020-09-15,49.8,45.8,59.7,48.7,81.7,2.0,6.8,2.1,3.2,감귤
522,14,신촌,2020-10-01,53.6,48.1,72.5,60.3,83.2,1.9,7.1,1.9,3.9,감귤
523,14,신촌,2020-10-15,57.5,47.8,83.7,70.3,84.0,2.0,8.3,1.5,5.8,감귤
524,14,신촌,2020-11-01,59.2,50.7,90.3,73.5,81.3,2.3,9.3,1.3,7.1,감귤
525,14,신촌,2020-11-15,61.7,50.3,92.3,73.7,79.9,2.4,9.5,1.2,8.2,감귤
526,14,신촌,2020-11-28,60.6,51.3,96.2,76.9,80.0,2.3,10.3,1.1,9.3,감귤
527,16,금악,2020-08-01,36.9,35.8,24.0,13.7,56.7,3.5,5.7,4.0,1.4,감귤
528,16,금악,2020-08-15,41.5,40.0,33.7,22.9,67.5,3.1,6.0,3.6,1.7,감귤
529,16,금악,2020-09-01,46.9,43.2,50.3,38.1,75.5,2.3,6.8,2.4,2.9,감귤
530,16,금악,2020-09-15,50.3,47.4,61.2,47.2,77.0,2.6,6.6,2.0,3.5,감귤
531,16,금악,2020-10-01,54.3,47.3,72.8,59.0,80.9,2.2,7.2,1.5,5.0,감귤
532,16,금악,2020-10-15,57.5,48.3,79.9,64.0,80.1,2.3,8.3,1.4,6.2,감귤
533,16,금악,2020-11-01,57.6,51.6,83.0,64.2,77.3,2.7,9.3,1.2,8.1,감귤
534,16,금악,2020-11-15,61.1,52.2,88.9,67.8,76.0,2.6,9.8,1.0,9.7,감귤
535,16,금악,2020-11-28,58.8,53.9,88.4,67.6,76.3,2.7,10.1,1.0,10.3,감귤
536,26,하례,2020-08-01,41.3,37.9,31.8,21.1,66.2,2.7,5.8,4.0,1.4,감귤
537,26,하례,2020-08-15,44.7,40.3,41.0,30.5,74.3,2.6,5.7,3.2,1.8,감귤
538,26,하례,2020-09-01,49.0,42.6,56.8,46.2,81.3,2.1,6.7,2.1,3.2,감귤
539,26,하례,2020-09-15,50.8,46.0,63.4,52.1,82.1,2.0,7.0,1.9,3.9,감귤
540,26,하례,2020-10-01,54.6,47.5,75.1,62.4,83.0,1.9,7.5,1.5,5.1,감귤
541,26,하례,2020-10-15,60.1,49.4,92.2,77.1,83.5,2.1,9.0,1.2,7.3,감귤
542,26,하례,2020-11-01,58.8,50.1,91.8,74.6,81.4,2.2,9.6,1.2,8.1,감귤
543,26,하례,2020-11-15,61.8,50.2,93.5,60.5,65.9,2.4,10.1,1.0,10.7,감귤
544,26,하례,2020-11-28,60.5,52.5,98.9,78.1,79.0,2.5,10.6,0.9,11.7,감귤
545,29,창천,2020-08-01,40.1,37.7,29.6,18.7,63.0,3.2,5.3,3.7,1.4,감귤
546,29,창천,2020-08-15,44.5,41.9,41.7,30.1,72.3,2.6,5.3,3.1,1.7,감귤
547,29,창천,2020-09-01,46.7,41.2,47.9,37.9,79.1,2.1,6.1,2.4,2.5,감귤
548,29,창천,2020-09-15,51.4,46.4,63.8,52.2,81.7,2.1,6.4,2.1,3.2,감귤
549,29,창천,2020-10-01,56.2,47.0,79.2,65.6,82.7,1.9,7.1,1.6,4.4,감귤
550,29,창천,2020-10-15,58.8,48.8,86.9,71.9,82.8,2.1,8.0,1.5,5.5,감귤
551,29,창천,2020-11-01,59.2,50.4,90.7,72.4,79.8,2.3,8.9,1.2,7.4,감귤
552,29,창천,2020-11-15,61.0,50.0,90.1,71.3,79.1,2.5,9.5,1.1,8.9,감귤
553,29,창천,2020-11-28,59.9,51.0,91.1,71.9,78.9,2.5,9.9,1.0,10.1,감귤
554,30,덕수,2020-08-01,41.4,38.9,53.2,21.4,58.6,3.1,6.0,4.0,1.5,감귤
555,30,덕수,2020-08-15,44.3,41.4,41.6,30.5,73.2,2.7,6.3,3.2,2.0,감귤
556,30,덕수,2020-09-01,48.2,43.9,52.9,42.4,80.0,2.1,6.9,2.1,3.3,감귤
557,30,덕수,2020-09-15,51.3,46.4,62.9,51.9,82.4,2.0,6.9,1.8,3.9,감귤
558,30,덕수,2020-10-01,54.8,46.1,75.0,63.0,84.0,1.9,7.5,1.4,5.4,감귤
559,30,덕수,2020-10-15,56.8,47.7,82.1,69.1,84.2,1.9,9.0,1.3,7.0,감귤
560,30,덕수,2020-11-01,56.3,49.6,83.2,67.9,81.5,2.3,9.7,1.2,8.0,감귤
561,30,덕수,2020-11-15,60.0,49.8,89.2,71.5,80.2,2.4,9.8,1.0,9.6,감귤
562,30,덕수,2020-11-28,59.3,50.9,87.6,70.3,80.2,2.2,10.4,1.1,9.9,감귤
563,31,신효,2020-08-01,44.1,38.7,37.2,25.0,67.2,3.2,5.7,3.8,1.5,감귤
564,31,신효,2020-08-15,47.0,42.6,47.7,35.8,75.1,2.7,6.0,2.9,2.1,감귤
565,31,신효,2020-09-01,47.3,41.3,50.6,40.4,79.8,2.0,7.4,2.5,3.0,감귤
566,31,신효,2020-09-15,56.7,48.9,81.3,66.7,82.1,2.2,7.2,1.7,4.7,감귤
567,31,신효,2020-10-01,60.6,48.0,95.0,79.9,84.0,1.8,7.8,1.3,5.9,감귤
568,31,신효,2020-10-15,61.9,48.1,99.7,83.1,83.4,2.1,8.8,1.2,7.8,감귤
569,31,신효,2020-11-01,62.2,50.6,102.3,84.1,82.3,2.3,10.1,1.0,10.3,감귤
570,31,신효,2020-11-15,66.1,50.9,110.5,89.6,81.0,2.5,10.4,0.8,12.2,감귤
571,31,신효,2020-11-28,62.9,51.1,103.3,83.8,81.1,2.5,11.3,0.8,13.5,감귤
572,32,신흥,2020-08-01,42.3,37.9,33.9,22.4,66.0,3.0,6.1,3.7,1.7,감귤
573,32,신흥,2020-08-15,45.8,42.3,44.2,32.4,73.1,3.2,6.1,3.0,2.1,감귤
574,32,신흥,2020-09-01,49.6,44.9,57.7,46.1,79.9,2.3,6.9,1.8,3.8,감귤
575,32,신흥,2020-09-15,53.2,47.5,69.7,57.1,82.0,2.2,7.1,1.6,4.5,감귤
576,32,신흥,2020-10-01,55.9,46.7,79.4,66.2,83.4,2.0,7.4,1.4,5.5,감귤
577,32,신흥,2020-10-15,59.7,49.3,92.1,77.1,83.6,2.1,8.8,1.2,7.5,감귤
578,32,신흥,2020-11-01,60.7,49.7,93.5,76.6,81.9,2.3,9.9,1.1,9.4,감귤
579,32,신흥,2020-11-15,61.8,50.2,99.6,82.6,83.2,2.2,10.1,0.9,10.8,감귤
580,32,신흥,2020-11-28,61.2,52.0,98.8,79.1,80.1,2.4,10.9,0.9,12.3,감귤
581,01,용흥,2021-08-01,42.3,38.6,34.8,24.4,70.1,3.0,7.0,3.5,2.0,감귤
582,01,용흥,2021-08-15,43.5,39.5,38.8,29.2,75.2,2.4,7.4,2.8,2.6,감귤
583,01,용흥,2021-09-01,49.5,43.3,56.8,46.5,81.9,2.0,7.4,1.8,4.0,감귤
584,01,용흥,2021-09-15,53.6,43.6,67.9,54.9,81.1,1.9,7.8,1.5,5.5,감귤
585,01,용흥,2021-10-01,54.9,46.6,74.2,62.9,84.7,1.9,8.1,1.2,6.8,감귤
586,01,용흥,2021-10-15,57.3,44.2,78.7,66.2,84.1,1.8,8.7,1.0,8.9,감귤
587,01,용흥,2021-11-01,60.4,45.5,89.3,73.5,82.3,2.2,9.5,0.9,10.3,감귤
588,01,용흥,2021-11-15,58.6,44.4,81.8,66.9,81.8,2.1,9.3,1.0,9.8,감귤
589,01,용흥,2021-11-25,59.4,46.8,86.6,69.5,80.3,2.4,10.1,0.9,11.0,감귤
590,02,성산,2021-08-01,41.7,37.4,34.6,23.8,68.7,3.2,6.5,3.2,2.1,감귤
591,02,성산,2021-08-15,43.2,39.6,38.9,27.7,71.0,3.1,6.7,2.8,2.4,감귤
592,02,성산,2021-09-01,47.7,42.8,53.3,42.7,80.0,2.1,6.8,1.8,3.8,감귤
593,02,성산,2021-09-15,52.6,44.5,65.1,53.1,81.6,2.2,7.0,1.4,5.2,감귤
594,02,성산,2021-10-01,55.4,47.1,79.2,66.7,84.2,2.0,7.5,1.0,7.5,감귤
595,02,성산,2021-10-15,56.5,48.7,83.6,70.2,83.9,1.8,8.3,0.8,10.3,감귤
596,02,성산,2021-11-01,59.8,48.8,92.9,76.3,82.2,2.4,8.9,0.8,11.1,감귤
597,02,성산,2021-11-15,60.4,51.2,98.5,80.2,81.3,2.4,9.4,0.9,11.2,감귤
598,02,성산,2021-11-25,62.5,49.0,99.6,80.0,80.2,2.7,9.9,0.8,12.1,감귤
599,04,토산,2021-08-01,44.7,41.8,42.2,29.2,69.1,3.3,6.4,3.1,2.0,감귤
600,04,토산,2021-08-15,46.1,42.5,45.8,33.6,73.3,3.0,6.4,2.8,2.2,감귤
601,04,토산,2021-09-01,51.9,46.7,66.3,53.1,80.0,2.3,6.4,1.6,4.0,감귤
602,04,토산,2021-09-15,55.8,49.5,79.9,65.4,81.9,2.1,6.4,1.3,4.9,감귤
603,04,토산,2021-10-01,58.4,48.3,88.0,73.5,83.5,2.1,6.7,0.9,7.8,감귤
604,04,토산,2021-10-15,61.5,52.2,101.9,84.5,82.9,2.0,7.3,0.8,9.8,감귤
605,04,토산,2021-11-01,63.8,49.6,105.3,86.3,81.9,2.3,7.8,0.8,10.5,감귤
606,04,토산,2021-11-15,63.0,48.9,102.9,83.6,81.2,2.5,7.4,0.8,9.6,감귤
607,04,토산,2021-11-25,63.0,50.2,105.5,85.2,80.8,2.4,8.3,0.8,11.3,감귤
608,06,아라,2021-08-01,42.5,39.8,35.6,23.6,66.2,3.4,6.7,3.4,2.0,감귤
609,06,아라,2021-08-15,45.9,41.4,45.0,32.1,71.1,3.2,7.1,3.1,2.3,감귤
610,06,아라,2021-09-01,51.5,45.4,61.9,48.1,77.5,2.5,7.1,2.0,3.5,감귤
611,06,아라,2021-09-15,56.2,46.5,75.6,60.3,79.7,2.5,7.4,1.6,4.8,감귤
612,06,아라,2021-10-01,59.1,48.6,87.1,71.0,81.4,2.3,7.7,1.1,7.0,감귤
613,06,아라,2021-10-15,62.3,50.5,101.3,81.3,80.2,2.4,8.5,0.9,9.2,감귤
614,06,아라,2021-11-01,64.1,50.1,108.3,85.4,78.8,2.5,9.0,0.9,10.6,감귤
615,06,아라,2021-11-15,63.1,52.3,103.9,81.9,78.7,2.6,9.6,0.9,10.9,감귤
616,07,무릉,2021-08-01,42.1,38.1,35.5,26.5,74.5,2.5,6.8,3.0,2.3,감귤
617,07,무릉,2021-08-15,43.7,39.4,40.2,31.2,77.6,2.2,7.3,2.6,2.8,감귤
618,07,무릉,2021-09-01,50.6,44.2,60.0,49.5,82.5,2.1,7.1,1.6,4.6,감귤
619,07,무릉,2021-09-15,53.7,47.0,70.4,58.7,83.3,2.0,7.4,1.2,6.1,감귤
620,07,무릉,2021-10-01,54.9,45.1,75.0,63.3,84.4,1.8,8.0,1.1,7.7,감귤
621,07,무릉,2021-10-15,55.9,45.7,78.8,66.0,83.7,2.0,9.1,1.0,9.5,감귤
622,07,무릉,2021-11-01,60.3,46.4,90.6,74.0,81.8,2.2,9.8,0.9,10.6,감귤
623,07,무릉,2021-11-15,57.6,44.8,81.3,65.5,80.6,2.3,10.6,1.0,11.2,감귤
624,07,무릉,2021-11-25,60.5,46.8,88.3,70.1,79.4,2.4,10.9,0.9,11.8,감귤
625,09,하원,2021-08-01,38.0,34.7,26.1,18.5,71.0,2.6,6.8,3.3,2.0,감귤
626,09,하원,2021-08-15,41.4,37.4,34.0,25.7,75.5,2.4,7.3,3.0,2.4,감귤
627,09,하원,2021-09-01,46.5,41.4,48.3,39.3,81.2,2.0,6.8,1.6,4.3,감귤
628,09,하원,2021-09-15,49.9,43.6,57.2,47.0,82.2,1.9,7.3,1.3,5.6,감귤
629,09,하원,2021-10-01,53.8,43.7,68.0,56.9,83.6,1.7,8.0,1.1,7.5,감귤
630,09,하원,2021-10-15,54.4,43.1,70.9,59.2,83.5,1.7,8.9,0.9,10.0,감귤
631,09,하원,2021-11-01,55.3,43.8,73.5,61.0,83.1,2.0,9.9,0.9,10.9,감귤
632,09,하원,2021-11-15,56.8,43.8,76.5,62.7,81.9,2.1,10.3,0.9,11.7,감귤
633,09,하원,2021-11-25,55.9,44.6,77.5,62.9,81.2,2.1,10.9,1.0,11.8,감귤
634,12,덕천,2021-08-01,42.4,38.0,36.3,24.6,67.7,3.1,6.7,3.8,1.8,감귤
635,12,덕천,2021-08-15,46.4,42.7,46.4,33.6,72.3,3.2,6.6,3.4,2.0,감귤
636,12,덕천,2021-09-01,51.8,46.5,66.0,52.9,80.1,2.1,6.6,2.2,3.0,감귤
637,12,덕천,2021-09-15,57.4,50.7,84.7,68.9,81.3,2.3,6.9,1.7,4.1,감귤
638,12,덕천,2021-10-01,60.5,50.0,99.4,81.8,82.3,2.2,7.4,1.2,6.1,감귤
639,12,덕천,2021-10-15,64.0,53.7,113.9,94.4,82.9,2.1,8.1,1.0,8.5,감귤
640,12,덕천,2021-11-01,64.4,52.5,116.4,95.5,82.0,2.2,8.6,0.9,9.4,감귤
641,12,덕천,2021-11-15,65.5,55.3,122.6,100.0,81.5,2.4,8.6,0.9,10.0,감귤
642,12,덕천,2021-11-25,68.5,53.1,125.6,100.5,80.0,2.7,9.5,0.9,10.9,감귤
643,14,신촌,2021-08-01,41.9,37.3,35.5,25.6,72.0,2.8,6.5,3.4,2.0,감귤
644,14,신촌,2021-08-15,46.2,41.9,45.7,33.9,74.1,2.9,7.0,3.1,2.3,감귤
645,14,신촌,2021-09-01,50.7,45.2,60.9,48.7,80.0,2.3,7.0,1.9,3.7,감귤
646,14,신촌,2021-09-15,54.5,46.2,70.2,57.0,81.2,2.3,7.2,1.6,4.6,감귤
647,14,신촌,2021-10-01,57.4,48.9,84.5,71.0,84.0,1.9,7.6,1.2,6.5,감귤
648,14,신촌,2021-10-15,59.5,48.9,91.9,76.3,83.0,1.9,8.0,1.0,8.4,감귤
649,14,신촌,2021-11-01,61.3,49.1,98.6,80.6,81.7,2.3,8.6,1.0,8.8,감귤
650,14,신촌,2021-11-15,62.4,47.4,97.0,78.8,81.2,2.1,8.4,1.0,8.9,감귤
651,14,신촌,2021-11-25,59.4,46.9,88.1,70.3,79.8,2.5,9.6,0.9,10.3,감귤
652,16,금악,2021-08-01,41.4,38.6,33.3,22.5,67.8,3.2,7.3,3.8,2.0,감귤
653,16,금악,2021-08-15,42.9,40.1,37.9,27.2,71.9,2.8,7.5,3.2,2.3,감귤
654,16,금악,2021-09-01,48.8,43.2,54.0,43.2,80.0,2.2,7.4,1.9,4.0,감귤
655,16,금악,2021-09-15,51.5,46.3,62.8,51.0,81.2,2.2,7.7,1.4,5.5,감귤
656,16,금악,2021-10-01,54.6,47.5,73.7,61.2,83.0,2.1,8.2,1.1,7.6,감귤
657,16,금악,2021-10-15,57.4,47.6,82.4,67.3,81.7,2.1,8.5,0.9,9.8,감귤
658,16,금악,2021-11-01,59.1,47.5,85.4,68.7,80.3,2.4,9.6,0.8,11.3,감귤
659,16,금악,2021-11-15,58.5,50.2,90.0,72.2,80.2,2.5,9.7,0.8,11.7,감귤
660,16,금악,2021-11-25,61.4,48.0,89.5,70.8,79.2,2.4,9.9,0.8,12.4,감귤
661,26,하례,2021-08-01,41.7,37.8,35.0,23.7,67.5,3.4,6.5,3.7,1.8,감귤
662,26,하례,2021-08-15,45.7,42.1,43.9,31.0,70.6,3.1,6.6,3.2,2.1,감귤
663,26,하례,2021-09-01,49.9,45.1,59.0,46.3,78.3,2.3,6.4,2.0,3.2,감귤
664,26,하례,2021-09-15,54.9,46.2,71.5,56.8,79.3,2.5,6.7,1.6,4.3,감귤
665,26,하례,2021-10-01,55.8,46.2,75.8,62.8,82.8,2.0,7.3,1.2,6.1,감귤
666,26,하례,2021-10-15,59.0,48.8,90.6,74.2,81.8,2.2,8.1,1.0,7.9,감귤
667,26,하례,2021-11-01,61.0,48.7,94.4,76.3,80.9,2.4,8.9,1.0,9.0,감귤
668,26,하례,2021-11-15,61.1,48.0,92.6,73.5,79.4,2.5,9.3,1.0,9.7,감귤
669,26,하례,2021-11-25,61.5,49.2,93.0,73.0,78.4,2.6,9.6,1.0,9.9,감귤
670,29,창천,2021-08-01,39.4,36.7,29.8,21.2,71.0,2.8,6.7,3.5,1.9,감귤
671,29,창천,2021-08-15,42.4,38.8,36.0,27.0,74.9,2.5,7.1,3.0,2.4,감귤
672,29,창천,2021-09-01,48.0,42.6,52.2,42.0,80.4,2.1,6.9,1.8,3.8,감귤
673,29,창천,2021-09-15,51.4,45.3,63.3,52.2,82.4,2.0,7.4,1.5,5.1,감귤
674,29,창천,2021-10-01,55.1,46.0,76.2,64.3,84.5,2.0,7.8,1.1,7.0,감귤
675,29,창천,2021-10-15,56.9,46.3,81.9,68.5,83.6,1.8,8.6,1.0,8.6,감귤
676,29,창천,2021-11-01,59.6,46.3,87.9,72.4,82.3,2.2,9.7,1.0,10.3,감귤
677,29,창천,2021-11-15,59.6,49.2,92.8,74.9,80.7,2.3,10.3,1.0,10.8,감귤
678,29,창천,2021-11-25,58.0,47.2,85.9,68.5,79.8,2.5,10.4,1.0,11.0,감귤
679,30,덕수,2021-08-01,43.3,39.9,38.5,27.3,70.8,3.0,6.8,3.6,1.9,감귤
680,30,덕수,2021-08-15,45.4,41.4,45.1,34.0,75.4,2.6,7.0,3.0,2.4,감귤
681,30,덕수,2021-09-01,51.8,47.5,67.4,54.8,81.3,2.2,6.9,1.9,3.8,감귤
682,30,덕수,2021-09-15,55.2,49.4,78.9,65.8,83.5,2.1,7.3,1.5,4.9,감귤
683,30,덕수,2021-10-01,58.9,49.9,94.1,81.3,86.4,1.8,8.0,1.3,6.6,감귤
684,30,덕수,2021-10-15,59.3,50.0,96.0,81.6,85.0,1.9,8.9,1.1,8.4,감귤
685,30,덕수,2021-11-01,61.5,50.7,104.7,88.8,84.8,1.9,9.8,1.1,9.3,감귤
686,30,덕수,2021-11-15,58.8,48.6,91.2,76.4,83.7,2.0,9.6,1.1,9.1,감귤
687,30,덕수,2021-11-25,63.4,51.9,109.1,90.8,83.2,2.3,10.1,1.0,9.9,감귤
688,31,신효,2021-08-01,43.9,39.5,39.1,28.7,73.4,2.8,6.8,3.1,2.2,감귤
689,31,신효,2021-08-15,46.0,41.5,45.4,34.7,76.4,2.4,7.2,2.6,2.8,감귤
690,31,신효,2021-09-01,51.0,44.6,61.8,50.5,81.7,2.1,6.9,1.5,4.7,감귤
691,31,신효,2021-09-15,54.6,47.5,73.8,60.7,82.3,2.2,7.4,1.2,6.2,감귤
692,31,신효,2021-10-01,56.9,46.0,82.8,69.3,83.6,1.9,7.9,0.9,8.9,감귤
693,31,신효,2021-10-15,59.4,47.4,92.7,77.5,83.6,1.8,8.5,0.8,10.7,감귤
694,31,신효,2021-11-01,60.9,47.5,95.4,78.3,82.0,2.3,9.5,0.8,12.5,감귤
695,31,신효,2021-11-15,61.4,46.6,94.3,76.9,81.5,2.2,9.2,0.8,12.2,감귤
696,31,신효,2021-11-25,60.0,47.5,90.5,72.4,79.9,2.3,10.4,0.8,13.7,감귤
697,32,신흥,2021-08-01,44.3,41.2,41.6,28.9,69.4,3.3,6.6,3.3,2.0,감귤
698,32,신흥,2021-08-15,46.4,42.5,46.3,34.0,73.5,2.9,6.7,2.8,2.4,감귤
699,32,신흥,2021-09-01,52.4,46.9,68.4,54.9,80.1,2.2,6.6,1.6,4.2,감귤
700,32,신흥,2021-09-15,56.4,49.8,81.8,66.6,81.4,2.3,6.8,1.3,5.2,감귤
701,32,신흥,2021-10-01,58.8,49.5,92.4,77.9,84.2,2.1,7.2,1.0,7.3,감귤
702,32,신흥,2021-10-15,59.7,51.9,97.2,81.8,84.1,2.0,8.0,0.8,9.8,감귤
703,32,신흥,2021-11-01,63.5,52.0,112.1,93.0,83.0,2.3,8.7,0.8,10.7,감귤
704,32,신흥,2021-11-15,62.0,53.2,106.8,87.7,82.1,2.4,8.7,0.8,10.6,감귤
705,32,신흥,2021-11-25,63.5,51.3,111.3,90.1,80.9,2.4,9.8,0.8,12.7,감귤
